{"cameraMode":{"drawMode":0,"name":"Shaded","section":"Shading Mode"},"sceneLighting":true,"audioPlay":false,"sceneViewState":{"showFog":true,"showMaterialUpdate":false,"showSkybox":true,"showFlares":true,"showImageEffects":true,"showParticleSystems":true},"in2DMode":false,"pivot":{"x":15.172479629516602,"y":-8.873043060302735,"z":8.044397354125977},"rotation":{"x":-0.2728787660598755,"y":-0.5184361338615418,"z":0.17896272242069245,"w":-0.7904268503189087},"size":19.137306213378908,"orthographic":false}